{
    "Block_1": {
        "block_id": 0,
        "measurements_g": [
            82.0,
            82.0,
            83.0
        ],
        "mean_g": 82.33333333333333,
        "std_g": 0.4714045207910317,
        "mean_kg": 0.08233333333333333
    },
    "Block_2": {
        "block_id": 1,
        "measurements_g": [
            82.0,
            82.0,
            83.0
        ],
        "mean_g": 82.33333333333333,
        "std_g": 0.4714045207910317,
        "mean_kg": 0.08233333333333333
    },
    "Block_3": {
        "block_id": 2,
        "measurements_g": [
            82.0,
            82.0,
            83.0
        ],
        "mean_g": 82.33333333333333,
        "std_g": 0.4714045207910317,
        "mean_kg": 0.08233333333333333
    },
    "Block_4": {
        "block_id": 3,
        "measurements_g": [
            82.0,
            82.0,
            83.0
        ],
        "mean_g": 82.33333333333333,
        "std_g": 0.4714045207910317,
        "mean_kg": 0.08233333333333333
    }
}