{
    "+X": {
        "measurements_mm": [
            29.0,
            29.5,
            30.0
        ],
        "mean_mm": 29.5,
        "std_mm": 0.408248290463863,
        "mean_m": 0.0295
    },
    "-X": {
        "measurements_mm": [
            29.0,
            29.5,
            30.0
        ],
        "mean_mm": 29.5,
        "std_mm": 0.408248290463863,
        "mean_m": 0.0295
    },
    "+Y": {
        "measurements_mm": [
            29.0,
            29.5,
            30.0
        ],
        "mean_mm": 29.5,
        "std_mm": 0.408248290463863,
        "mean_m": 0.0295
    },
    "-Y": {
        "measurements_mm": [
            29.0,
            29.5,
            30.0
        ],
        "mean_mm": 29.5,
        "std_mm": 0.408248290463863,
        "mean_m": 0.0295
    }
}